{
    "users": [
        {
            "uname": "admin",
            "pwd": "password",
            "email": "admin_password@test.in"
        },
        {
            "uname": "mani",
            "pwd": "mani",
            "email": "mani_mani@test.in"
        }
    ],
    "Students": [
        {
            "name": "Shiva Shankar",
            "stuid": 1001,
            "Deprtment": "Electronics & Communication Engineering",
            "section": "A",
            "email": "shivashankar@test.in",
            "phone": 45258631556,
            "dob": "09-05-1991"
        },
        {
            "name": "Rajabudheen HA",
            "stuid": 1002,
            "Deprtment": "Information Technology",
            "section": "B",
            "email": "rajabudheenha@test.in",
            "phone": 1234569870,
            "dob": "10-04-1991"
        },
        {
            "name": "Akalyadevi Mariappan",
            "stuid": 1003,
            "Deprtment": "Electronics & Communication Engineering",
            "section": "A",
            "email": "akalyadevi.mariappan@test.in",
            "phone": 78459632156,
            "dob": "05-02-1991"
        },
        {
            "name": "Naveen Nagarajan",
            "stuid": 1004,
            "Deprtment": "Eletrical and Electronics Engineering",
            "section": "A",
            "email": "naveen.nagarajan@test.in",
            "phone": 85423668201,
            "dob": "29-01-1991"
        },
        {
            "name": "Reshma Kisan",
            "stuid": 1005,
            "Deprtment": "Electronics & Communication Engineering",
            "section": "A",
            "email": "reshma.kisan@test.in",
            "phone": 754236985,
            "dob": "04-05-1992"
        },
        {
            "name": "Suresh Maharajan",
            "stuid": 1006,
            "Deprtment": "Information Technology",
            "section": "A",
            "email": "suresh.maharajan@test.in",
            "phone": 7423625961,
            "dob": "03-11-1990"
        },
        {
            "name": "Anitha Jasmine",
            "stuid": 1007,
            "Deprtment": "Eletrical and Electronics Engineering",
            "section": "B",
            "email": "anitha.jasmine@test.in",
            "phone": 9030043832,
            "dob": "01-01-1991"
        },
        {
            "name": "Krishna Raju",
            "stuid": 1008,
            "Deprtment": "Information Technology",
            "section": "A",
            "email": "krishna.raju@test.in",
            "phone": 7586624526,
            "dob": "04-10-1991"
        },
        {
            "name": "Madhubala Suresh",
            "stuid": 1009,
            "Deprtment": "Electronics & Communication Engineering",
            "section": "A",
            "email": "madhubala.suresh@test.in",
            "phone": 1452668932,
            "dob": "03-08-1990"
        },
        {
            "name": "Shafeeque MD",
            "stuid": 1010,
            "Deprtment": "Electronics & Communication Engineering",
            "section": "A",
            "email": "shafeeque.md@test.in",
            "phone": 7854525112,
            "dob": "05-03-1991"
        }
    ],
    "staffs": [
        {
            "staff": "Venkatesh",
            "dept": "ECE",
            "experience": "4 Years",
            "designation": "Lecturer"
        },
        {
            "staff": "Muthu Kumar",
            "dept": "EEE",
            "experience": "2 Years",
            "designation": "Assistant Professor"
        },
        {
            "staff": "Saravanan",
            "dept": "MBA",
            "experience": "10 Years",
            "designation": "Senior Lecturer"
        },
        {
            "staff": "Selva",
            "dept": "ECE",
            "experience": "4 Years",
            "designation": "Lecturer"
        },
        {
            "staff": "Rajalakshmi",
            "dept": "IT",
            "experience": "5 years",
            "designation": "Lecturer"
        }
    ],
    "subject": [
        
        {
            "subject": "Electronics, Devices and Circuits",
            "year": "2nd Year",
            "bookreferal": "Dhananjeyan",
            "staff":"Venkatesh"
        },
        {
            "subject": "Analod and Digital Transmission",
            "year": "3rd Year",
            "bookreferal": "Amitabh Battacharya",
            "staff":"Muthu Kumar"
        },
        {
            "subject": "Manpower Management",
            "year": "Final Year",
            "bookreferal": "Madhuri",
            "staff":"Saravanan"
        },
        {
            "subject": "Transmissionlines and Waveguides",
            "year": "3rd Year",
            "bookreferal":"Rajesh Kumar",
            "staff":"Selvax"
        }
    ]
}
